Title,Price,Availability,Rating
A Light in the ,£51.77,In stock,Three
Tipping the Velvet,£53.74,In stock,One
Soumission,£50.10,In stock,One
Sharp Objects,£47.82,In stock,Four
Sapiens: A Brief History ,£54.23,In stock,Five
The Requiem Red,£22.65,In stock,One
The Dirty Little Secrets ,£33.34,In stock,Four
The Coming Woman: A ,£17.93,In stock,Three
The Boys in the ,£22.60,In stock,Four
The Black Maria,£52.15,In stock,One
Starving Hearts (Triangular Trade ,£13.99,In stock,Two
Shakespeare's Sonnets,£20.66,In stock,Four
Set Me Free,£17.46,In stock,Five
Scott Pilgrim's Precious Little ,£52.29,In stock,Five
Rip it Up and ,£35.02,In stock,Five
Our Band Could Be ,£57.25,In stock,Three
Olio,£23.88,In stock,One
Mesaerion: The Best Science ,£37.59,In stock,One
Libertarianism for Beginners,£51.33,In stock,Two
It's Only the Himalayas,£45.17,In stock,Two
In Her Wake,£12.84,In stock,One
How Music Works,£37.32,In stock,Two
Foolproof Preserving: A Guide ,£30.52,In stock,Three
Chase Me (Paris Nights ,£25.27,In stock,Five
Black Dust,£34.53,In stock,Five
Birdsong: A Story in ,£54.64,In stock,Three
America's Cradle of Quarterbacks: ,£22.50,In stock,Three
Aladdin and His Wonderful ,£53.13,In stock,Three
Worlds Elsewhere: Journeys Around ,£40.30,In stock,Five
Wall and Piece,£44.18,In stock,Four
The Four Agreements: A ,£17.66,In stock,Five
The Five Love Languages: ,£31.05,In stock,Three
The Elephant Tree,£23.82,In stock,Five
The Bear and the ,£36.89,In stock,One
Sophie's World,£15.94,In stock,Five
Penny Maybe,£33.29,In stock,Three
Maude (1883-1993):She Grew Up ,£18.02,In stock,Two
"In a Dark, Dark ",£19.63,In stock,One
Behind Closed Doors,£52.22,In stock,Four
You can't bury them ,£33.63,In stock,Two
Slow States of Collapse: ,£57.31,In stock,Three
Reasons to Stay Alive,£26.41,In stock,Two
Private Paris (Private #10),£47.61,In stock,Five
#HigherSelfie: Wake Up Your ,£23.11,In stock,Five
Without Borders (Wanderlove #1),£45.07,In stock,Two
When We Collided,£31.77,In stock,One
"We Love You, Charlie ",£50.27,In stock,Five
Untitled Collection: Sabbath Poems ,£14.27,In stock,Four
Unseen City: The Majesty ,£44.18,In stock,Four
Unicorn Tracks,£18.78,In stock,Three
Unbound: How Eight Technologies ,£25.52,In stock,One
Tsubasa: WoRLD CHRoNiCLE 2 ,£16.28,In stock,One
Throwing Rocks at the ,£31.12,In stock,Three
This One Summer,£19.49,In stock,Four
Thirst,£17.27,In stock,Five
The Torch Is Passed: ,£19.09,In stock,One
The Secret of Dreadwillow ,£56.13,In stock,One
The Pioneer Woman Cooks: ,£56.41,In stock,One
The Past Never Ends,£56.50,In stock,Four
The Natural History of ,£45.22,In stock,Three
The Nameless City (The ,£38.16,In stock,Four
The Murder That Never ,£54.11,In stock,Three
The Most Perfect Thing: ,£42.96,In stock,Four
The Mindfulness and Acceptance ,£23.89,In stock,Four
The Life-Changing Magic of ,£16.77,In stock,Three
The Inefficiency Assassin: Time ,£20.59,In stock,Five
The Gutsy Girl: Escapades ,£37.13,In stock,One
The Electric Pencil: Drawings ,£56.06,In stock,One
The Death of Humanity: ,£58.11,In stock,Four
The Bulletproof Diet: Lose ,£49.05,In stock,Three
The Art Forger,£40.76,In stock,Three
The Age of Genius: ,£19.73,In stock,One
The Activist's Tao Te ,£32.24,In stock,Five
Spark Joy: An Illustrated ,£41.83,In stock,Four
Soul Reader,£39.58,In stock,Two
Security,£39.25,In stock,Two
"Saga, Volume 6 (Saga ",£25.02,In stock,Three
"Saga, Volume 5 (Saga ",£51.04,In stock,Two
Reskilling America: Learning to ,£19.83,In stock,Two
"Rat Queens, Vol 3: ",£50.40,In stock,Three
"Princess Jellyfish 2-in-1 Omnibus, ",£13.61,In stock,Five
Princess Between Worlds (Wide-Awake ,£13.34,In stock,Five
"Pop Gun War, Volume ",£18.97,In stock,One
"Political Suicide: Missteps, Peccadilloes, ",£36.28,In stock,Two
Patience,£10.16,In stock,Three
"Outcast, Vol 1: A ",£15.44,In stock,Four
orange: The Complete Collection ,£48.41,In stock,One
Online Marketing for Busy ,£46.35,In stock,One
On a Midnight Clear,£14.07,In stock,Three
Obsidian (Lux #1),£14.86,In stock,Two
My Paris Kitchen: Recipes ,£33.37,In stock,Two
Masks and Shadows,£56.40,In stock,Two
Mama Tried: Traditional Italian ,£14.02,In stock,Four
"Lumberjanes, Vol 2: Friendship ",£46.91,In stock,Two
"Lumberjanes, Vol 1: Beware ",£45.61,In stock,Three
Lumberjanes Vol 3: A ,£19.92,In stock,Two
"Layered: Baking, Building, and ",£40.11,In stock,One
Judo: Seven Steps to ,£53.90,In stock,Two
Join,£35.67,In stock,Five
In the Country We ,£22.00,In stock,Four
Immunity: How Elie Metchnikoff ,£57.36,In stock,Five
"I Hate Fairyland, Vol ",£29.17,In stock,Two
I am a Hero ,£54.63,In stock,Three
How to Be Miserable: ,£46.03,In stock,One
Her Backup Boyfriend (The ,£33.97,In stock,One
"Giant Days, Vol 2 ",£22.11,In stock,Two
Forever and Forever: The ,£29.69,In stock,Three
First and First (Five ,£15.97,In stock,Four
Fifty Shades Darker (Fifty ,£21.96,In stock,One
Everydata: The Misinformation Hidden ,£54.35,In stock,Two
Don't Be a Jerk: ,£37.97,In stock,Two
Danganronpa Volume 1,£51.99,In stock,Four
Crown of Midnight (Throne ,£43.29,In stock,Three
"Codename Baboushka, Volume 1: ",£36.72,In stock,Four
Camp Midnight,£17.08,In stock,Four
Call the Nurse: True ,£29.14,In stock,Five
Burning,£28.81,In stock,Three
Bossypants,£49.46,In stock,Two
"Bitch Planet, Vol 1: ",£37.92,In stock,Two
Avatar: The Last Airbender: ,£28.09,In stock,Two
Algorithms to Live By: ,£30.81,In stock,One
A World of Flavor: ,£42.95,In stock,One
"A Piece of Sky, ",£56.76,In stock,Five
A Murder in Time,£16.64,In stock,One
A Flight of Arrows ,£55.53,In stock,Five
A Fierce and Subtle ,£28.13,In stock,Four
A Court of Thorns ,£52.37,In stock,One
(Un)Qualified: How God Uses ,£54.00,In stock,Five
You Are What You ,£21.87,In stock,Four
William Shakespeare's Star Wars: ,£43.30,In stock,Four
Tuesday Nights in 1980,£21.04,In stock,Two
Tracing Numbers on a ,£41.60,In stock,Three
Throne of Glass (Throne ,£35.07,In stock,Three
Thomas Jefferson and the ,£59.64,In stock,One
Thirteen Reasons Why,£52.72,In stock,One
The White Cat and ,£58.08,In stock,Four
The Wedding Dress,£24.12,In stock,One
The Vacationers,£42.15,In stock,Four
The Third Wave: An ,£12.61,In stock,Five
The Stranger,£17.44,In stock,Four
The Shadow Hero (The ,£33.14,In stock,One
The Secret (The Secret ,£27.37,In stock,Four
The Regional Office Is ,£51.36,In stock,Five
The Psychopath Test: A ,£36.00,In stock,Two
The Project,£10.65,In stock,One
The Power of Now: ,£43.54,In stock,Two
The Omnivore's Dilemma: A ,£38.21,In stock,Two
The Nerdy Nummies Cookbook: ,£37.34,In stock,Five
The Murder of Roger ,£44.10,In stock,Four
The Mistake (Off-Campus #2),£43.29,In stock,Three
The Matchmaker's Playbook (Wingmen ,£55.85,In stock,One
The Love and Lemons ,£37.60,In stock,Two
The Long Shadow of ,£10.97,In stock,One
The Kite Runner,£41.82,In stock,Four
The House by the ,£36.95,In stock,One
The Glittering Court (The ,£44.28,In stock,One
The Girl on the ,£55.02,In stock,Two
The Genius of Birds,£17.24,In stock,One
The Emerald Mystery,£23.15,In stock,Two
The Cookies & Cups ,£41.25,In stock,One
The Bridge to Consciousness: ,£32.00,In stock,Three
The Artist's Way: A ,£38.49,In stock,Five
The Art of War,£33.34,In stock,Five
The Argonauts,£10.93,In stock,Two
The 10% Entrepreneur: Live ,£27.55,In stock,Three
Suddenly in Love (Lake ,£55.99,In stock,Two
Something More Than This,£16.24,In stock,Four
Soft Apocalypse,£26.12,In stock,Two
So You've Been Publicly ,£12.23,In stock,Two
Shoe Dog: A Memoir ,£23.99,In stock,Two
"Shobu Samurai, Project Aryoku ",£29.06,In stock,Three
Secrets and Lace (Fatal ,£20.27,In stock,One
Scarlett Epstein Hates It ,£43.55,In stock,Five
Romero and Juliet: A ,£36.94,In stock,One
Redeeming Love,£20.47,In stock,Five
Poses for Artists Volume ,£41.06,In stock,One
Poems That Make Grown ,£14.19,In stock,Four
"Nightingale, Sing",£38.28,In stock,One
Night Sky with Exit ,£41.05,In stock,One
Mrs Houdini,£30.25,In stock,Five
Modern Romance,£28.26,In stock,Five
Miss Peregrine’s Home for ,£10.76,In stock,One
Louisa: The Extraordinary Life ,£16.85,In stock,Two
Little Red,£13.47,In stock,Three
Library of Souls (Miss ,£48.56,In stock,Five
Large Print Heart of ,£19.15,In stock,Two
I Had a Nice ,£57.36,In stock,Four
Hollow City (Miss Peregrine’s ,£42.98,In stock,One
Grumbles,£22.16,In stock,Two
Full Moon over Noah’s ,£49.43,In stock,Four
Frostbite (Vampire Academy #2),£29.99,In stock,Five
Follow You Home,£21.36,In stock,One
First Steps for New ,£29.00,In stock,One
Finders Keepers (Bill Hodges ,£53.53,In stock,Five
"Fables, Vol 1: Legends ",£41.62,In stock,Four
Eureka Trivia 60,£54.59,In stock,Four
Drive: The Surprising Truth ,£34.95,In stock,Four
Done Rubbed Out (Reightman ,£37.72,In stock,Five
Doing It Over (Most ,£35.61,In stock,Three
Deliciously Ella Every Day: ,£42.16,In stock,Three
